{
  "targets": [
    "swap"
  ],
  "passes": [
    {
      "name": "color_convolve",
      "intarget": "minecraft:main",
      "outtarget": "swap",
      "uniforms": [
        {
          "name": "Saturation",
          "values": [ 0.1 ]
        },
        {
            "name": "RedMatrix",
            "values": [ 0.7, 0.7, 0.7 ]
        },
        {
            "name": "GreenMatrix",
            "values": [ 0.7, 0.7, 0.7 ]
        },
        {
            "name": "BlueMatrix",
            "values": [ 0.3, 0.3, 0.3 ]
        }
      ]
    },
    {
      "name": "blit",
      "intarget": "swap",
      "outtarget": "minecraft:main"
    }
  ]
}
