{
  "kc_ost_30": {
    "sounds": [
      {
        "name": "rotp_kingcrimson:kc_ost_120",
        "type": "event"
      }
    ]
  },
  "kc_ost_60": {
    "sounds": [
      {
        "name": "rotp_kingcrimson:kc_ost_120",
        "type": "event"
      }
    ]
  },
  "kc_ost_75": {
    "sounds": [
      {
        "name": "rotp_kingcrimson:kc_ost_120",
        "type": "event"
      }
    ]
  },
  "kc_ost_90": {
    "sounds": [
      {
        "name": "rotp_kingcrimson:kc_ost_120",
        "type": "event"
      }
    ]
  },
  "kc_ost_120": {
    "sounds": [
      {
        "name": "rotp_kingcrimson:ost/king_crimson_1",
        "weight": 3,
        "stream": true
      },
      {
        "name": "rotp_kingcrimson:ost/king_crimson_2",
        "weight": 3,
        "stream": true
      },
      {
        "name": "rotp_kingcrimson:ost/king_crimson_3",
        "weight": 2,
        "stream": true
      },
      {
        "name": "rotp_kingcrimson:ost/king_crimson_4",
        "weight": 1,
        "stream": true
      }

    ]
  },
  "kc_ost_full": {
    "sounds": [
      {
        "name": "rotp_kingcrimson:ost/king_crimson_1",
        "weight": 3,
        "stream": true
      },
      {
        "name": "rotp_kingcrimson:ost/king_crimson_2",
        "weight": 3,
        "stream": true
      },
      {
        "name": "rotp_kingcrimson:ost/king_crimson_3",
        "weight": 2,
        "stream": true
      },
      {
        "name": "rotp_kingcrimson:ost/king_crimson_4",
        "weight": 1,
        "stream": true
      }
    ]
  },
  "kc_ost_cassette": {
    "sounds": [
      {
        "name": "rotp_kingcrimson:kc_ost_full",
        "type": "event"
      }
    ]
  },



  "diavolo_kingcrimson": {
    "subtitle": "King Crimson",
    "sounds": [ "rotp_kingcrimson:stand_user/diavolo_kingcrimson", "rotp_kingcrimson:stand_user/diavolo_kingcrimson2", "rotp_kingcrimson:stand_user/diavolo_kingcrimson3", "rotp_kingcrimson:stand_user/diavolo_kingcrimson4" ]
  },
  "diavolo_unsummon": {
    "subtitle": "King Crimson Unsummon",
    "sounds": [ "rotp_kingcrimson:stand/diavolo_unsummon" ]
  },
  "kingcrimson_summon": {
    "subtitle": "King Crimson Summon",
    "sounds": [ "rotp_kingcrimson:stand/kingcrimson_summon", "rotp_kingcrimson:stand/kingcrimson_summon2", "rotp_kingcrimson:stand/kingcrimson_summon3"]
  },
  "kingcrimson_unsummon": {
    "subtitle": "King Crimson Unsummon",
    "sounds": [ "rotp_kingcrimson:stand/kingcrimson_unsummon" ]
  },
  "kingcrimson_punch": {
    "subtitle": "Hit",
    "sounds": [ "rotp_kingcrimson:stand/kingcrimson_punch" ]
  },
  "kingcrimson_heavypunch": {
    "subtitle": "Heavy Hit",
    "sounds": [ "rotp_kingcrimson:stand/kingcrimson_heavy_punch" ]
  },
  "kingcrimson_groundpunch": {
    "subtitle": "Ground Punch",
    "sounds": [ "rotp_kingcrimson:stand/kingcrimson_groundpunch" ]
  },
  "kingcrimson_desperate_eyejab": {
    "subtitle": "Eyejab",
    "sounds": [ "rotp_kingcrimson:stand/kingcrimson_eyechop_hit" ]
  },
  "kingcrimson_chop": {
    "subtitle": "Chop",
    "sounds": [ "rotp_kingcrimson:stand/kingcrimson_chop" ]
  },
  "kingcrimson_impale": {
    "subtitle": "Impale.",
    "sounds": [ "rotp_kingcrimson:stand/kingcrimson_impale" ]
  },
  "time_erase_start": {
    "subtitle": "Time Erase",
    "sounds": [ "rotp_kingcrimson:stand/kingcrimson_timeerasure1", "rotp_kingcrimson:stand/kingcrimson_timeerasure2", "rotp_kingcrimson:stand/kingcrimson_timeerasure3", "rotp_kingcrimson:stand/kingcrimson_timeerasure4" ]
  },
  "time_erase_end": {
    "subtitle": "Time Resume",
    "sounds": [ "rotp_kingcrimson:stand/kingcrimson_timeresume", "rotp_kingcrimson:stand/kingcrimson_timeresume2", "rotp_kingcrimson:stand/kingcrimson_timeresume3", "rotp_kingcrimson:stand/kingcrimson_timeresume4", "rotp_kingcrimson:stand/kingcrimson_timeresume5" ]
  },
  "kingcrimson_epitaph": {
    "subtitle": "Epitaph activation",
    "sounds": [ "rotp_kingcrimson:stand/kingcrimson_epitaph3", "rotp_kingcrimson:stand/kingcrimson_epitaph2", "rotp_kingcrimson:stand/kingcrimson_epitaph4" ]
  },
  "kingcrimson_dash": {
    "subtitle": "Dash",
    "sounds": [ "rotp_kingcrimson:stand/kingcrimson_dash" ]
  },
  "kingcrimson_timeerase": {
    "subtitle": "King Crimson!",
    "sounds": [ "rotp_kingcrimson:stand/diavolo_timeerasure2" ]
  },
  "epitaph_timeskip": {
    "subtitle": "I skipped over 0.5 seconds!",
    "sounds": [ "rotp_kingcrimson:stand/epitaph_timeskip" ]
  },
  "kingcrimson_timeskip": {
    "subtitle": "Time Skip",
    "sounds": [ "rotp_kingcrimson:stand/kingcrimson_timeskip" ]
  },
  "kingcrimson_timeskip2": {
    "subtitle": "Time Skip",
    "sounds": [ "rotp_kingcrimson:stand/kingcrimson_timeskip2" ]
  },



  "diavolo_combofinisher": {
    "subtitle": "Take This!",
    "sounds": [ "rotp_kingcrimson:stand_user/diavolo_combofinisher" ]
  },
  "diavolo_barrage": {
    "subtitle": "You have genuinely angered me!",
    "sounds": [ "rotp_kingcrimson:stand_user/diavolo_barrage", "rotp_kingcrimson:stand_user/diavolo_barrage4", "rotp_kingcrimson:stand_user/diavolo_barrage6", "rotp_kingcrimson:stand_user/diavolo_barrage7", "rotp_kingcrimson:stand_user/diavolo_barrage8" ]
  },
  "diavolo_heavypunch": {
    "subtitle": "You're Finished!",
    "sounds": [ "rotp_kingcrimson:stand_user/diavolo_heavypunch", "rotp_kingcrimson:stand_user/diavolo_heavypunch2", "rotp_kingcrimson:stand_user/diavolo_heavypunch3", "rotp_kingcrimson:stand_user/diavolo_heavypunch4", "rotp_kingcrimson:stand_user/diavolo_heavypunch5", "rotp_kingcrimson:stand_user/diavolo_heavypunch6" ]
  },
  "diavolo_punch": {
    "subtitle": "Hmph!",
    "sounds": [ "rotp_kingcrimson:stand_user/diavolo_punch", "rotp_kingcrimson:stand_user/diavolo_punch2", "rotp_kingcrimson:stand_user/diavolo_punch3" ]
  },
  "diavolo_chop": {
    "subtitle": "No witnesses.",
    "sounds": [ "rotp_kingcrimson:stand_user/diavolo_chop", "rotp_kingcrimson:stand_user/diavolo_chop2", "rotp_kingcrimson:stand_user/diavolo_chop3" ]
  },
  "diavolo_dash": {
    "subtitle": "Hah!",
    "sounds": [ "rotp_kingcrimson:stand_user/diavolo_dash", "rotp_kingcrimson:stand_user/diavolo_dash2", "rotp_kingcrimson:stand_user/diavolo_dash3" ]
  },
  "diavolo_impale": {
    "subtitle": "Your life...has now come to an end.",
    "sounds": [ "rotp_kingcrimson:stand_user/diavolo_impale", "rotp_kingcrimson:stand_user/diavolo_impale2", "rotp_kingcrimson:stand_user/diavolo_impale3" ]
  },
  "diavolo_epitaph": {
    "subtitle": "Epitaph!",
    "sounds": [ "rotp_kingcrimson:stand_user/diavolo_epitaph", "rotp_kingcrimson:stand_user/diavolo_epitaph2", "rotp_kingcrimson:stand_user/diavolo_epitaph3", "rotp_kingcrimson:stand_user/diavolo_epitaph4" ]
  },



  "doppio_barrage": {
    "subtitle": "God damn you!",
    "sounds": [ "rotp_kingcrimson:stand_user/doppio_barrage" ]
  },
  "doppio_there_you_are": {
    "subtitle": "There you are!",
    "sounds": [ "rotp_kingcrimson:stand_user/doppio_there_you_are1", "rotp_kingcrimson:stand_user/doppio_there_you_are2", "rotp_kingcrimson:stand_user/doppio_there_you_are3" ]
  },
  "doppio_damnit": {
    "subtitle": "Damn it!",
    "sounds": [ "rotp_kingcrimson:stand_user/doppio_damnit" ]
  },
  "doppio_take_this": {
    "sounds": [ "rotp_kingcrimson:stand_user/doppio_take_this", "rotp_kingcrimson:stand_user/doppio_damnit", "rotp_kingcrimson:stand_user/doppio_silence" ]
  }
}
